﻿院所名稱,地址,電話,緯度,經度
郭綜合醫院,臺南市中西區民生路二段18．20．22．23．24．25．27號,(06)2221111,22.9948175,120.1987023
台南市立醫院(委託秀傳醫療社團法人經營),臺南市東區崇德路670號,(06)2609926,22.9687059,120.2268128
璟馨婦幼醫院,臺南市永康區東橋里東橋七路198號,(06)3023366,23.0209916,120.2375247
陳澤彥婦產科醫院,臺南市北區中華北路二段101號1、2、3樓,(06)3505000,23.0197088,120.1984428
國立成功大學醫學院附設醫院,臺南市北區勝利路138號,(06)2353535,23.0021058,120.219057
奇美醫療財團法人奇美醫院,臺南市永康區中華路901號、臺南市南區樹林街二段442號,(06)2812811,22.9865344,120.1961859
臺南市立安南醫院-委託中國醫藥大學興建經營,臺南市安南區長和路二段66號,(06)3553111,23.0648363,120.222761
台灣基督長老教會新樓醫療財團法人台南新樓醫院,臺南市東區泉北里東門路1段57號,(06)2748316,22.9891387,120.2133326
奇美醫療財團法人柳營奇美醫院,臺南市柳營區太康里201號,(06)6226999,23.2888197,120.3247366
佑生婦產科診所,臺南市新營區大同路6號,(06)6322789,23.3083795,120.322734
衛生福利部臺南醫院, 臺南市中西區中山路125號,(06)2200055,22.9973586,120.2085726
大安婦幼醫院,臺南市中西區金華路三段167號1、2、3、4樓,(06)2278899,22.9927341,120.192872
