<?xml version="1.0" encoding="UTF-8"?>
<row attrib1="123" attrib2="456">
	<Col1 name='DTime'>2023-05-22 15:00:00</Col1>
	<Col1 name='WLevel'>150.3</Col1>
	<Col1 name='EffVol'>176162064</Col1>
	<Col1 name='EVpercentage'>52.5065536</Col1>
	<Col1 name='Feutsui'>0</Col1>
	<Col2 name='PingLin'>0</Col2>
	<Col2 name='ShiSanGu'>0</Col2>
	<Col2 name='JiuQiongGen'>0</Col2>
	<Col2 name='BiHu'>0</Col2>
	<Col2 name='TaiPing'>
		<MyDefine name="EosinChen">123</MyDefine>
	</Col2>
	<Col2 name='Watershed_weighted_average'></Col2>
</row>
