[{"SiteName":"\u57fa\u9686","County":"\u57fa\u9686\u5e02","AQI":"25","Pollutant":"","Status":"\u826f\u597d","SO2":"2.8","CO":"0.22","CO_8hr":"0.1","O3":"3.9","O3_8hr":"7","PM10":"26","PM2.5":"14","NO2":"12","NOx":"14","NO":"2.4","WindSpeed":"0.5","WindDirec":"94","PublishTime":"2018-06-27 06:00","PM2.5_AVG":"8","PM10_AVG":"15","Latitude":"25.129167","Longitude":"121.760056"},{"SiteName":"\u6c50\u6b62","County":"\u65b0\u5317\u5e02","AQI":"20","Pollutant":"","Status":"\u826f\u597d","SO2":"1.8","CO":"0.33","CO_8hr":"0.3","O3":"5.4","O3_8hr":"5","PM10":"25","PM2.5":"10","NO2":"14","NOx":"29","NO":"14","WindSpeed":"0.8","WindDirec":"206","PublishTime":"2018-06-27 06:00","PM2.5_AVG":"6","PM10_AVG":"22","Latitude":"25.067131","Longitude":"121.6423"},{"SiteName":"\u842c\u91cc","County":"\u65b0\u5317\u5e02","AQI":"34","Pollutant":"","Status":"\u826f\u597d","SO2":"0.9","CO":"0.21","CO_8hr":"0.2","O3":"9","O3_8hr":"11","PM10":"24","PM2.5":"12","NO2":"7.1","NOx":"8.8","NO":"1.6","WindSpeed":"1.8","WindDirec":"212","PublishTime":"2018-06-27 06:00","PM2.5_AVG":"10","PM10_AVG":"23","Latitude":"25.179667","Longitude":"121.689881"},{"SiteName":"\u65b0\u5e97","County":"\u65b0\u5317\u5e02","AQI":"25","Pollutant":"","Status":"\u826f\u597d","SO2":"2","CO":"0.19","CO_8hr":"0.2","O3":"5.9","O3_8hr":"9","PM10":"19","PM2.5":"8","NO2":"4.2","NOx":"5.6","NO":"1.4","WindSpeed":"1.9","WindDirec":"198","PublishTime":"2018-06-27 06:00","PM2.5_AVG":"8","PM10_AVG":"19","Latitude":"24.977222","Longitude":"121.537778"},{"SiteName":"\u571f\u57ce","County":"\u65b0\u5317\u5e02","AQI":"52","Pollutant":"\u7d30\u61f8\u6d6e\u5fae\u7c92","Status":"\u666e\u901a","SO2":"3.7","CO":"0.35","CO_8hr":"0.3","O3":"3.2","O3_8hr":"5","PM10":"32","PM2.5":"18","NO2":"16","NOx":"33","NO":"17","WindSpeed":"0.9","WindDirec":"153","PublishTime":"2018-06-27 06:00","PM2.5_AVG":"16","PM10_AVG":"32","Latitude":"24.982528","Longitude":"121.451861"},{"SiteName":"\u677f\u6a4b","County":"\u65b0\u5317\u5e02","AQI":"41","Pollutant":"","Status":"\u826f\u597d","SO2":"7.7","CO":"0.4","CO_8hr":"0.4","O3":"4.3","O3_8hr":"4","PM10":"43","PM2.5":"15","NO2":"20","NOx":"29","NO":"9.2","WindSpeed":"1","WindDirec":"260","PublishTime":"2018-06-27 06:00","PM2.5_AVG":"13","PM10_AVG":"40","Latitude":"25.012972","Longitude":"121.458667"},{"SiteName":"\u65b0\u838a","County":"\u65b0\u5317\u5e02","AQI":"45","Pollutant":"","Status":"\u826f\u597d","SO2":"16","CO":"0.44","CO_8hr":"0.4","O3":"3.2","O3_8hr":"5","PM10":"38","PM2.5":"20","NO2":"18","NOx":"32","NO":"14","WindSpeed":"0.9","WindDirec":"244","PublishTime":"2018-06-27 06:00","PM2.5_AVG":"14","PM10_AVG":"27","Latitude":"25.037972","Longitude":"121.4325"},{"SiteName":"\u83dc\u5bee","County":"\u65b0\u5317\u5e02","AQI":"54","Pollutant":"\u7d30\u61f8\u6d6e\u5fae\u7c92","Status":"\u666e\u901a","SO2":"3","CO":"0.36","CO_8hr":"0.3","O3":"4","O3_8hr":"5","PM10":"27","PM2.5":"17","NO2":"12","NOx":"18","NO":"5.4","WindSpeed":"0.8","WindDirec":"166","PublishTime":"2018-06-27 06:00","PM2.5_AVG":"17","PM10_AVG":"26","Latitude":"25.06895","Longitude":"121.481028"},{"SiteName":"\u6797\u53e3","County":"\u65b0\u5317\u5e02","AQI":"52","Pollutant":"\u7d30\u61f8\u6d6e\u5fae\u7c92","Status":"\u666e\u901a","SO2":"8.6","CO":"0.28","CO_8hr":"0.3","O3":"3.6","O3_8hr":"5","PM10":"27","PM2.5":"17","NO2":"20","NOx":"36","NO":"16","WindSpeed":"1.9","WindDirec":"228","PublishTime":"2018-06-27 06:00","PM2.5_AVG":"16","PM10_AVG":"29","Latitude":"25.077197","Longitude":"121.376869"},{"SiteName":"\u6de1\u6c34","County":"\u65b0\u5317\u5e02","AQI":"41","Pollutant":"","Status":"\u826f\u597d","SO2":"2.8","CO":"0.25","CO_8hr":"0.2","O3":"3.1","O3_8hr":"9","PM10":"23","PM2.5":"12","NO2":"13","NOx":"18","NO":"4.9","WindSpeed":"","WindDirec":"","PublishTime":"2018-06-27 06:00","PM2.5_AVG":"13","PM10_AVG":"24","Latitude":"25.1645","Longitude":"121.449239"},{"SiteName":"\u58eb\u6797","County":"\u81fa\u5317\u5e02","AQI":"32","Pollutant":"","Status":"\u826f\u597d","SO2":"1.9","CO":"0.23","CO_8hr":"0.2","O3":"4.6","O3_8hr":"8","PM10":"","PM2.5":"7","NO2":"9.9","NOx":"13","NO":"3.1","WindSpeed":"0.7","WindDirec":"113","PublishTime":"2018-06-27 06:00","PM2.5_AVG":"10","PM10_AVG":"22","Latitude":"25.105417","Longitude":"121.515389"},{"SiteName":"\u4e2d\u5c71","County":"\u81fa\u5317\u5e02","AQI":"27","Pollutant":"","Status":"\u826f\u597d","SO2":"2.1","CO":"0.28","CO_8hr":"0.3","O3":"4.5","O3_8hr":"6","PM10":"23","PM2.5":"13","NO2":"10","NOx":"15","NO":"5","WindSpeed":"1.7","WindDirec":"158","PublishTime":"2018-06-27 06:00","PM2.5_AVG":"8","PM10_AVG":"24","Latitude":"25.062361","Longitude":"121.526528"},{"SiteName":"\u842c\u83ef","County":"\u81fa\u5317\u5e02","AQI":"27","Pollutant":"","Status":"\u826f\u597d","SO2":"1.6","CO":"0.26","CO_8hr":"0.3","O3":"5.4","O3_8hr":"6","PM10":"25","PM2.5":"9","NO2":"7.5","NOx":"10","NO":"2.6","WindSpeed":"1.6","WindDirec":"167","PublishTime":"2018-06-27 06:00","PM2.5_AVG":"8","PM10_AVG":"29","Latitude":"25.046503","Longitude":"121.507972"},{"SiteName":"\u53e4\u4ead","County":"\u81fa\u5317\u5e02","AQI":"21","Pollutant":"","Status":"\u826f\u597d","SO2":"1.5","CO":"0.21","CO_8hr":"0.2","O3":"4.7","O3_8hr":"8","PM10":"13","PM2.5":"5","NO2":"7","NOx":"12","NO":"4.9","WindSpeed":"1.2","WindDirec":"172","PublishTime":"2018-06-27 06:00","PM2.5_AVG":"7","PM10_AVG":"17","Latitude":"25.020608","Longitude":"121.529556"},{"SiteName":"\u677e\u5c71","County":"\u81fa\u5317\u5e02","AQI":"30","Pollutant":"","Status":"\u826f\u597d","SO2":"3.3","CO":"0.3","CO_8hr":"0.3","O3":"7.3","O3_8hr":"7","PM10":"12","PM2.5":"6","NO2":"11","NOx":"16","NO":"5.5","WindSpeed":"1","WindDirec":"231","PublishTime":"2018-06-27 06:00","PM2.5_AVG":"9","PM10_AVG":"21","Latitude":"25.05","Longitude":"121.578611"},{"SiteName":"\u5927\u540c","County":"\u81fa\u5317\u5e02","AQI":"36","Pollutant":"","Status":"\u826f\u597d","SO2":"2.5","CO":"0.94","CO_8hr":"0.8","O3":"-","O3_8hr":"","PM10":"36","PM2.5":"12","NO2":"14","NOx":"46","NO":"32","WindSpeed":"","WindDirec":"","PublishTime":"2018-06-27 06:00","PM2.5_AVG":"10","PM10_AVG":"39","Latitude":"25.0632","Longitude":"121.513311"},{"SiteName":"\u6843\u5712","County":"\u6843\u5712\u5e02","AQI":"42","Pollutant":"","Status":"\u826f\u597d","SO2":"7.1","CO":"0.28","CO_8hr":"0.3","O3":"4.2","O3_8hr":"5","PM10":"41","PM2.5":"13","NO2":"18","NOx":"22","NO":"4.4","WindSpeed":"0.9","WindDirec":"227","PublishTime":"2018-06-27 06:00","PM2.5_AVG":"13","PM10_AVG":"40","Latitude":"24.994789","Longitude":"121.319964"},{"SiteName":"\u5927\u5712","County":"\u6843\u5712\u5e02","AQI":"44","Pollutant":"","Status":"\u826f\u597d","SO2":"4.1","CO":"0.24","CO_8hr":"0.3","O3":"6.3","O3_8hr":"5","PM10":"34","PM2.5":"7","NO2":"15","NOx":"21","NO":"6","WindSpeed":"1.6","WindDirec":"187","PublishTime":"2018-06-27 06:00","PM2.5_AVG":"14","PM10_AVG":"35","Latitude":"25.060344","Longitude":"121.201811"},{"SiteName":"\u89c0\u97f3","County":"\u6843\u5712\u5e02","AQI":"58","Pollutant":"\u7d30\u61f8\u6d6e\u5fae\u7c92","Status":"\u666e\u901a","SO2":"4.2","CO":"0.22","CO_8hr":"0.2","O3":"2.2","O3_8hr":"4","PM10":"43","PM2.5":"19","NO2":"15","NOx":"21","NO":"5.8","WindSpeed":"1.1","WindDirec":"199","PublishTime":"2018-06-27 06:00","PM2.5_AVG":"18","PM10_AVG":"39","Latitude":"25.035503","Longitude":"121.082761"},{"SiteName":"\u5e73\u93ae","County":"\u6843\u5712\u5e02","AQI":"53","Pollutant":"\u7d30\u61f8\u6d6e\u5fae\u7c92","Status":"\u666e\u901a","SO2":"5.7","CO":"0.34","CO_8hr":"0.3","O3":"3.5","O3_8hr":"5","PM10":"52","PM2.5":"14","NO2":"18","NOx":"26","NO":"8.2","WindSpeed":"0.7","WindDirec":"242","PublishTime":"2018-06-27 06:00","PM2.5_AVG":"16","PM10_AVG":"37","Latitude":"24.952786","Longitude":"121.203986"},{"SiteName":"\u9f8d\u6f6d","County":"\u6843\u5712\u5e02","AQI":"57","Pollutant":"\u7d30\u61f8\u6d6e\u5fae\u7c92","Status":"\u666e\u901a","SO2":"3.2","CO":"0.25","CO_8hr":"0.2","O3":"11","O3_8hr":"12","PM10":"33","PM2.5":"16","NO2":"13","NOx":"15","NO":"2.5","WindSpeed":"0.7","WindDirec":"197","PublishTime":"2018-06-27 06:00","PM2.5_AVG":"18","PM10_AVG":"34","Latitude":"24.863869","Longitude":"121.21635"},{"SiteName":"\u6e56\u53e3","County":"\u65b0\u7af9\u7e23","AQI":"55","Pollutant":"\u7d30\u61f8\u6d6e\u5fae\u7c92","Status":"\u666e\u901a","SO2":"3.3","CO":"0.28","CO_8hr":"0.2","O3":"3.7","O3_8hr":"5","PM10":"34","PM2.5":"19","NO2":"18","NOx":"28","NO":"10","WindSpeed":"1.3","WindDirec":"166","PublishTime":"2018-06-27 06:00","PM2.5_AVG":"17","PM10_AVG":"30","Latitude":"24.900142","Longitude":"121.038653"},{"SiteName":"\u7af9\u6771","County":"\u65b0\u7af9\u7e23","AQI":"49","Pollutant":"","Status":"\u826f\u597d","SO2":"1.5","CO":"0.21","CO_8hr":"0.2","O3":"8.3","O3_8hr":"10","PM10":"40","PM2.5":"14","NO2":"6.1","NOx":"9.4","NO":"3.3","WindSpeed":"1.7","WindDirec":"127","PublishTime":"2018-06-27 06:00","PM2.5_AVG":"15","PM10_AVG":"34","Latitude":"24.740644","Longitude":"121.088903"},{"SiteName":"\u65b0\u7af9","County":"\u65b0\u7af9\u5e02","AQI":"49","Pollutant":"","Status":"\u826f\u597d","SO2":"2.4","CO":"0.28","CO_8hr":"0.3","O3":"3","O3_8hr":"4","PM10":"30","PM2.5":"15","NO2":"15","NOx":"18","NO":"3.2","WindSpeed":"0.9","WindDirec":"258","PublishTime":"2018-06-27 06:00","PM2.5_AVG":"15","PM10_AVG":"25","Latitude":"24.805619","Longitude":"120.972075"},{"SiteName":"\u982d\u4efd","County":"\u82d7\u6817\u7e23","AQI":"30","Pollutant":"","Status":"\u826f\u597d","SO2":"1.3","CO":"0.2","CO_8hr":"0.2","O3":"6.7","O3_8hr":"8","PM10":"33","PM2.5":"8","NO2":"8.7","NOx":"9.6","NO":"0.9","WindSpeed":"1.6","WindDirec":"121","PublishTime":"2018-06-27 06:00","PM2.5_AVG":"9","PM10_AVG":"31","Latitude":"24.696969","Longitude":"120.898572"},{"SiteName":"\u82d7\u6817","County":"\u82d7\u6817\u7e23","AQI":"58","Pollutant":"\u7d30\u61f8\u6d6e\u5fae\u7c92","Status":"\u666e\u901a","SO2":"2.9","CO":"0.24","CO_8hr":"0.2","O3":"6.6","O3_8hr":"6","PM10":"21","PM2.5":"17","NO2":"11","NOx":"14","NO":"3","WindSpeed":"2.1","WindDirec":"192","PublishTime":"2018-06-27 06:00","PM2.5_AVG":"18","PM10_AVG":"28","Latitude":"24.565269","Longitude":"120.8202"},{"SiteName":"\u4e09\u7fa9","County":"\u82d7\u6817\u7e23","AQI":"46","Pollutant":"","Status":"\u826f\u597d","SO2":"2.9","CO":"0.21","CO_8hr":"0.2","O3":"7.4","O3_8hr":"10","PM10":"29","PM2.5":"17","NO2":"13","NOx":"15","NO":"1.7","WindSpeed":"0.9","WindDirec":"217","PublishTime":"2018-06-27 06:00","PM2.5_AVG":"14","PM10_AVG":"26","Latitude":"24.382942","Longitude":"120.758833"},{"SiteName":"\u8c50\u539f","County":"\u81fa\u4e2d\u5e02","AQI":"38","Pollutant":"","Status":"\u826f\u597d","SO2":"2.4","CO":"0.23","CO_8hr":"0.2","O3":"3.9","O3_8hr":"4","PM10":"33","PM2.5":"5","NO2":"11","NOx":"18","NO":"7.6","WindSpeed":"1.8","WindDirec":"102","PublishTime":"2018-06-27 06:00","PM2.5_AVG":"12","PM10_AVG":"25","Latitude":"24.256586","Longitude":"120.741711"},{"SiteName":"\u6c99\u9e7f","County":"\u81fa\u4e2d\u5e02","AQI":"38","Pollutant":"","Status":"\u826f\u597d","SO2":"2.5","CO":"0.23","CO_8hr":"0.3","O3":"5.5","O3_8hr":"4","PM10":"21","PM2.5":"7","NO2":"12","NOx":"15","NO":"3.6","WindSpeed":"1.6","WindDirec":"176","PublishTime":"2018-06-27 06:00","PM2.5_AVG":"12","PM10_AVG":"26","Latitude":"24.225628","Longitude":"120.568794"},{"SiteName":"\u5927\u91cc","County":"\u81fa\u4e2d\u5e02","AQI":"35","Pollutant":"","Status":"\u826f\u597d","SO2":"2.8","CO":"0.37","CO_8hr":"0.4","O3":"2.7","O3_8hr":"2","PM10":"41","PM2.5":"4","NO2":"12","NOx":"18","NO":"6.1","WindSpeed":"0.8","WindDirec":"226","PublishTime":"2018-06-27 06:00","PM2.5_AVG":"10","PM10_AVG":"38","Latitude":"24.099611","Longitude":"120.677689"},{"SiteName":"\u5fe0\u660e","County":"\u81fa\u4e2d\u5e02","AQI":"32","Pollutant":"","Status":"\u826f\u597d","SO2":"2.3","CO":"0.28","CO_8hr":"0.3","O3":"4","O3_8hr":"5","PM10":"28","PM2.5":"9","NO2":"10","NOx":"14","NO":"4.4","WindSpeed":"1.3","WindDirec":"190","PublishTime":"2018-06-27 06:00","PM2.5_AVG":"10","PM10_AVG":"26","Latitude":"24.151958","Longitude":"120.641092"},{"SiteName":"\u897f\u5c6f","County":"\u81fa\u4e2d\u5e02","AQI":"42","Pollutant":"","Status":"\u826f\u597d","SO2":"1.5","CO":"0.25","CO_8hr":"0.3","O3":"4.2","O3_8hr":"4","PM10":"31","PM2.5":"16","NO2":"12","NOx":"18","NO":"5.7","WindSpeed":"1.1","WindDirec":"196","PublishTime":"2018-06-27 06:00","PM2.5_AVG":"13","PM10_AVG":"36","Latitude":"24.162197","Longitude":"120.616917"},{"SiteName":"\u5f70\u5316","County":"\u5f70\u5316\u7e23","AQI":"55","Pollutant":"\u7d30\u61f8\u6d6e\u5fae\u7c92","Status":"\u666e\u901a","SO2":"8.5","CO":"0.01","CO_8hr":"0.0","O3":"4.5","O3_8hr":"5","PM10":"30","PM2.5":"11","NO2":"9.9","NOx":"12","NO":"2.3","WindSpeed":"1.2","WindDirec":"119","PublishTime":"2018-06-27 06:00","PM2.5_AVG":"17","PM10_AVG":"27","Latitude":"24.066","Longitude":"120.541519"},{"SiteName":"\u7dda\u897f","County":"\u5f70\u5316\u7e23","AQI":"43","Pollutant":"","Status":"\u826f\u597d","SO2":"2.8","CO":"0.26","CO_8hr":"0.3","O3":"3.2","O3_8hr":"5","PM10":"51","PM2.5":"13","NO2":"11","NOx":"21","NO":"10","WindSpeed":"1.1","WindDirec":"108","PublishTime":"2018-06-27 06:00","PM2.5_AVG":"13","PM10_AVG":"41","Latitude":"24.131672","Longitude":"120.469061"},{"SiteName":"\u4e8c\u6797","County":"\u5f70\u5316\u7e23","AQI":"62","Pollutant":"\u7d30\u61f8\u6d6e\u5fae\u7c92","Status":"\u666e\u901a","SO2":"5.1","CO":"0.24","CO_8hr":"0.2","O3":"2.4","O3_8hr":"2","PM10":"51","PM2.5":"15","NO2":"8.5","NOx":"28","NO":"19","WindSpeed":"1","WindDirec":"129","PublishTime":"2018-06-27 06:00","PM2.5_AVG":"20","PM10_AVG":"57","Latitude":"23.925175","Longitude":"120.409653"},{"SiteName":"\u5357\u6295","County":"\u5357\u6295\u7e23","AQI":"39","Pollutant":"","Status":"\u826f\u597d","SO2":"0.5","CO":"0.26","CO_8hr":"0.3","O3":"2.6","O3_8hr":"2","PM10":"40","PM2.5":"10","NO2":"8.1","NOx":"14","NO":"6.3","WindSpeed":"1.3","WindDirec":"183","PublishTime":"2018-06-27 06:00","PM2.5_AVG":"12","PM10_AVG":"37","Latitude":"23.913","Longitude":"120.685306"},{"SiteName":"\u6597\u516d","County":"\u96f2\u6797\u7e23","AQI":"39","Pollutant":"","Status":"\u826f\u597d","SO2":"1.8","CO":"0.19","CO_8hr":"0.2","O3":"5","O3_8hr":"5","PM10":"39","PM2.5":"12","NO2":"6.4","NOx":"8.8","NO":"2.4","WindSpeed":"0.8","WindDirec":"119","PublishTime":"2018-06-27 06:00","PM2.5_AVG":"12","PM10_AVG":"41","Latitude":"23.711853","Longitude":"120.544994"},{"SiteName":"\u65b0\u6e2f","County":"\u5609\u7fa9\u7e23","AQI":"48","Pollutant":"","Status":"\u826f\u597d","SO2":"7.2","CO":"0.41","CO_8hr":"0.3","O3":"1.9","O3_8hr":"3","PM10":"49","PM2.5":"14","NO2":"13","NOx":"31","NO":"18","WindSpeed":"0.6","WindDirec":"93","PublishTime":"2018-06-27 06:00","PM2.5_AVG":"15","PM10_AVG":"45","Latitude":"23.554839","Longitude":"120.345531"},{"SiteName":"\u6734\u5b50","County":"\u5609\u7fa9\u7e23","AQI":"39","Pollutant":"","Status":"\u826f\u597d","SO2":"2.6","CO":"0.22","CO_8hr":"0.2","O3":"3.1","O3_8hr":"8","PM10":"39","PM2.5":"8","NO2":"10","NOx":"15","NO":"4.4","WindSpeed":"0.9","WindDirec":"42","PublishTime":"2018-06-27 06:00","PM2.5_AVG":"9","PM10_AVG":"42","Latitude":"23.465308","Longitude":"120.24735"},{"SiteName":"\u81fa\u897f","County":"\u96f2\u6797\u7e23","AQI":"55","Pollutant":"\u7d30\u61f8\u6d6e\u5fae\u7c92","Status":"\u666e\u901a","SO2":"2.4","CO":"0.2","CO_8hr":"0.1","O3":"3","O3_8hr":"7","PM10":"35","PM2.5":"23","NO2":"10","NOx":"17","NO":"7.4","WindSpeed":"0.5","WindDirec":"154","PublishTime":"2018-06-27 06:00","PM2.5_AVG":"17","PM10_AVG":"30","Latitude":"23.717533","Longitude":"120.202842"},{"SiteName":"\u5609\u7fa9","County":"\u5609\u7fa9\u5e02","AQI":"28","Pollutant":"","Status":"\u826f\u597d","SO2":"2.4","CO":"0.15","CO_8hr":"0.2","O3":"4.3","O3_8hr":"3","PM10":"29","PM2.5":"14","NO2":"6.6","NOx":"8.9","NO":"2.3","WindSpeed":"0.5","WindDirec":"110","PublishTime":"2018-06-27 06:00","PM2.5_AVG":"9","PM10_AVG":"29","Latitude":"23.462778","Longitude":"120.440833"},{"SiteName":"\u65b0\u71df","County":"\u81fa\u5357\u5e02","AQI":"36","Pollutant":"","Status":"\u826f\u597d","SO2":"2.7","CO":"0.22","CO_8hr":"0.2","O3":"4.2","O3_8hr":"7","PM10":"33","PM2.5":"17","NO2":"8.9","NOx":"10","NO":"1.5","WindSpeed":"0.6","WindDirec":"27","PublishTime":"2018-06-27 06:00","PM2.5_AVG":"8","PM10_AVG":"39","Latitude":"23.305633","Longitude":"120.31725"},{"SiteName":"\u5584\u5316","County":"\u81fa\u5357\u5e02","AQI":"37","Pollutant":"","Status":"\u826f\u597d","SO2":"5.1","CO":"0.15","CO_8hr":"0.2","O3":"3.2","O3_8hr":"6","PM10":"43","PM2.5":"2","NO2":"8.2","NOx":"12","NO":"3.8","WindSpeed":"0.4","WindDirec":"62","PublishTime":"2018-06-27 06:00","PM2.5_AVG":"4","PM10_AVG":"40","Latitude":"23.115097","Longitude":"120.297142"},{"SiteName":"\u5b89\u5357","County":"\u81fa\u5357\u5e02","AQI":"26","Pollutant":"","Status":"\u826f\u597d","SO2":"2.2","CO":"0.21","CO_8hr":"0.1","O3":"4.5","O3_8hr":"11","PM10":"34","PM2.5":"13","NO2":"11","NOx":"16","NO":"5.1","WindSpeed":"0.4","WindDirec":"60","PublishTime":"2018-06-27 06:00","PM2.5_AVG":"7","PM10_AVG":"28","Latitude":"23.048197","Longitude":"120.2175"},{"SiteName":"\u81fa\u5357","County":"\u81fa\u5357\u5e02","AQI":"28","Pollutant":"","Status":"\u826f\u597d","SO2":"2.9","CO":"0.23","CO_8hr":"0.2","O3":"5.4","O3_8hr":"9","PM10":"31","PM2.5":"16","NO2":"13","NOx":"16","NO":"2.8","WindSpeed":"0.8","WindDirec":"44","PublishTime":"2018-06-27 06:00","PM2.5_AVG":"9","PM10_AVG":"21","Latitude":"22.984581","Longitude":"120.202617"},{"SiteName":"\u7f8e\u6fc3","County":"\u9ad8\u96c4\u5e02","AQI":"31","Pollutant":"","Status":"\u826f\u597d","SO2":"0.8","CO":"0.17","CO_8hr":"0.2","O3":"4.5","O3_8hr":"5","PM10":"33","PM2.5":"5","NO2":"4.6","NOx":"6.8","NO":"2.2","WindSpeed":"1.1","WindDirec":"129","PublishTime":"2018-06-27 06:00","PM2.5_AVG":"6","PM10_AVG":"33","Latitude":"22.883583","Longitude":"120.530542"},{"SiteName":"\u6a4b\u982d","County":"\u9ad8\u96c4\u5e02","AQI":"32","Pollutant":"","Status":"\u826f\u597d","SO2":"3.4","CO":"0.19","CO_8hr":"0.2","O3":"5.8","O3_8hr":"3","PM10":"36","PM2.5":"8","NO2":"11","NOx":"13","NO":"2.7","WindSpeed":"1.1","WindDirec":"44","PublishTime":"2018-06-27 06:00","PM2.5_AVG":"6","PM10_AVG":"35","Latitude":"22.757506","Longitude":"120.305689"},{"SiteName":"\u4ec1\u6b66","County":"\u9ad8\u96c4\u5e02","AQI":"46","Pollutant":"","Status":"\u826f\u597d","SO2":"3.9","CO":"0.2","CO_8hr":"0.3","O3":"8.7","O3_8hr":"7","PM10":"51","PM2.5":"13","NO2":"9.6","NOx":"11","NO":"1.2","WindSpeed":"0.7","WindDirec":"347","PublishTime":"2018-06-27 06:00","PM2.5_AVG":"12","PM10_AVG":"50","Latitude":"22.689056","Longitude":"120.332631"},{"SiteName":"\u9cf3\u5c71","County":"\u9ad8\u96c4\u5e02","AQI":"35","Pollutant":"","Status":"\u826f\u597d","SO2":"1.8","CO":"0.26","CO_8hr":"0.3","O3":"5.8","O3_8hr":"5","PM10":"29","PM2.5":"12","NO2":"9.4","NOx":"11","NO":"1.3","WindSpeed":"1.2","WindDirec":"43","PublishTime":"2018-06-27 06:00","PM2.5_AVG":"11","PM10_AVG":"28","Latitude":"22.627392","Longitude":"120.358083"},{"SiteName":"\u5927\u5bee","County":"\u9ad8\u96c4\u5e02","AQI":"60","Pollutant":"\u7d30\u61f8\u6d6e\u5fae\u7c92","Status":"\u666e\u901a","SO2":"4.7","CO":"0.24","CO_8hr":"0.4","O3":"1.7","O3_8hr":"1","PM10":"35","PM2.5":"18","NO2":"9.6","NOx":"15","NO":"5","WindSpeed":"0.4","WindDirec":"283","PublishTime":"2018-06-27 06:00","PM2.5_AVG":"19","PM10_AVG":"41","Latitude":"22.565747","Longitude":"120.425081"},{"SiteName":"\u6797\u5712","County":"\u9ad8\u96c4\u5e02","AQI":"55","Pollutant":"\u7d30\u61f8\u6d6e\u5fae\u7c92","Status":"\u666e\u901a","SO2":"1.7","CO":"0.28","CO_8hr":"0.3","O3":"3.8","O3_8hr":"9","PM10":"40","PM2.5":"23","NO2":"11","NOx":"14","NO":"2.4","WindSpeed":"1.4","WindDirec":"6.6","PublishTime":"2018-06-27 06:00","PM2.5_AVG":"17","PM10_AVG":"35","Latitude":"22.4795","Longitude":"120.41175"},{"SiteName":"\u6960\u6893","County":"\u9ad8\u96c4\u5e02","AQI":"47","Pollutant":"","Status":"\u826f\u597d","SO2":"2","CO":"0.24","CO_8hr":"0.3","O3":"3.9","O3_8hr":"5","PM10":"33","PM2.5":"7","NO2":"11","NOx":"19","NO":"8","WindSpeed":"0.5","WindDirec":"32","PublishTime":"2018-06-27 06:00","PM2.5_AVG":"14","PM10_AVG":"42","Latitude":"22.733667","Longitude":"120.328289"},{"SiteName":"\u5de6\u71df","County":"\u9ad8\u96c4\u5e02","AQI":"38","Pollutant":"","Status":"\u826f\u597d","SO2":"4.9","CO":"0.36","CO_8hr":"0.2","O3":"2.7","O3_8hr":"4","PM10":"54","PM2.5":"14","NO2":"15","NOx":"18","NO":"3.1","WindSpeed":"1.6","WindDirec":"18","PublishTime":"2018-06-27 06:00","PM2.5_AVG":"8","PM10_AVG":"41","Latitude":"22.674861","Longitude":"120.292917"},{"SiteName":"\u524d\u91d1","County":"\u9ad8\u96c4\u5e02","AQI":"29","Pollutant":"","Status":"\u826f\u597d","SO2":"2.3","CO":"0.27","CO_8hr":"0.2","O3":"5.9","O3_8hr":"11","PM10":"32","PM2.5":"15","NO2":"11","NOx":"14","NO":"3.2","WindSpeed":"1.5","WindDirec":"325","PublishTime":"2018-06-27 06:00","PM2.5_AVG":"9","PM10_AVG":"26","Latitude":"22.632567","Longitude":"120.288086"},{"SiteName":"\u524d\u93ae","County":"\u9ad8\u96c4\u5e02","AQI":"24","Pollutant":"","Status":"\u826f\u597d","SO2":"3.3","CO":"0.29","CO_8hr":"0.2","O3":"5.4","O3_8hr":"8","PM10":"30","PM2.5":"8","NO2":"13","NOx":"17","NO":"3.3","WindSpeed":"0.9","WindDirec":"24","PublishTime":"2018-06-27 06:00","PM2.5_AVG":"6","PM10_AVG":"26","Latitude":"22.605386","Longitude":"120.307564"},{"SiteName":"\u5c0f\u6e2f","County":"\u9ad8\u96c4\u5e02","AQI":"38","Pollutant":"","Status":"\u826f\u597d","SO2":"2.4","CO":"0.23","CO_8hr":"0.3","O3":"5.2","O3_8hr":"4","PM10":"38","PM2.5":"14","NO2":"11","NOx":"16","NO":"4.9","WindSpeed":"1.1","WindDirec":"25","PublishTime":"2018-06-27 06:00","PM2.5_AVG":"12","PM10_AVG":"32","Latitude":"22.565833","Longitude":"120.337736"},{"SiteName":"\u5c4f\u6771","County":"\u5c4f\u6771\u7e23","AQI":"52","Pollutant":"\u7d30\u61f8\u6d6e\u5fae\u7c92","Status":"\u666e\u901a","SO2":"2.5","CO":"0.2","CO_8hr":"0.3","O3":"4","O3_8hr":"3","PM10":"24","PM2.5":"10","NO2":"6.5","NOx":"7.7","NO":"1.3","WindSpeed":"1.7","WindDirec":"8.6","PublishTime":"2018-06-27 06:00","PM2.5_AVG":"16","PM10_AVG":"38","Latitude":"22.673081","Longitude":"120.488033"},{"SiteName":"\u6f6e\u5dde","County":"\u5c4f\u6771\u7e23","AQI":"39","Pollutant":"","Status":"\u826f\u597d","SO2":"1.2","CO":"0.17","CO_8hr":"0.2","O3":"5.7","O3_8hr":"7","PM10":"25","PM2.5":"7","NO2":"5.5","NOx":"6.6","NO":"1.1","WindSpeed":"0.6","WindDirec":"105","PublishTime":"2018-06-27 06:00","PM2.5_AVG":"12","PM10_AVG":"25","Latitude":"22.523108","Longitude":"120.561175"},{"SiteName":"\u6046\u6625","County":"\u5c4f\u6771\u7e23","AQI":"12","Pollutant":"","Status":"\u826f\u597d","SO2":"0.7","CO":"0.06","CO_8hr":"0.1","O3":"11","O3_8hr":"11","PM10":"1","PM2.5":"4","NO2":"1.7","NOx":"2.4","NO":"0.7","WindSpeed":"4.3","WindDirec":"33","PublishTime":"2018-06-27 06:00","PM2.5_AVG":"4","PM10_AVG":"","Latitude":"21.958069","Longitude":"120.788928"},{"SiteName":"\u81fa\u6771","County":"\u81fa\u6771\u7e23","AQI":"25","Pollutant":"","Status":"\u826f\u597d","SO2":"1","CO":"0.14","CO_8hr":"0.1","O3":"6.2","O3_8hr":"7","PM10":"25","PM2.5":"8","NO2":"3","NOx":"4.4","NO":"1.4","WindSpeed":"2.3","WindDirec":"308","PublishTime":"2018-06-27 06:00","PM2.5_AVG":"8","PM10_AVG":"18","Latitude":"22.755358","Longitude":"121.15045"},{"SiteName":"\u82b1\u84ee","County":"\u82b1\u84ee\u7e23","AQI":"15","Pollutant":"","Status":"\u826f\u597d","SO2":"1.1","CO":"0.1","CO_8hr":"0.1","O3":"8.8","O3_8hr":"8","PM10":"16","PM2.5":"ND","NO2":"2.2","NOx":"2.9","NO":"0.8","WindSpeed":"3.7","WindDirec":"230","PublishTime":"2018-06-27 06:00","PM2.5_AVG":"3","PM10_AVG":"16","Latitude":"23.971306","Longitude":"121.599769"},{"SiteName":"\u967d\u660e","County":"\u81fa\u5317\u5e02","AQI":"32","Pollutant":"","Status":"\u826f\u597d","SO2":"4","CO":"0.23","CO_8hr":"0.1","O3":"11","O3_8hr":"23","PM10":"9","PM2.5":"5","NO2":"8.9","NOx":"10","NO":"1.2","WindSpeed":"","WindDirec":"","PublishTime":"2018-06-27 06:00","PM2.5_AVG":"10","PM10_AVG":"12","Latitude":"25.182722","Longitude":"121.529583"},{"SiteName":"\u5b9c\u862d","County":"\u5b9c\u862d\u7e23","AQI":"19","Pollutant":"","Status":"\u826f\u597d","SO2":"10","CO":"0.22","CO_8hr":"0.2","O3":"4.4","O3_8hr":"7","PM10":"27","PM2.5":"7","NO2":"8","NOx":"11","NO":"2.8","WindSpeed":"0.9","WindDirec":"270","PublishTime":"2018-06-27 06:00","PM2.5_AVG":"6","PM10_AVG":"21","Latitude":"24.747917","Longitude":"121.746394"},{"SiteName":"\u51ac\u5c71","County":"\u5b9c\u862d\u7e23","AQI":"31","Pollutant":"","Status":"\u826f\u597d","SO2":"1.2","CO":"0.23","CO_8hr":"0.1","O3":"3.9","O3_8hr":"6","PM10":"21","PM2.5":"12","NO2":"6.2","NOx":"9.2","NO":"3","WindSpeed":"1.4","WindDirec":"304","PublishTime":"2018-06-27 06:00","PM2.5_AVG":"10","PM10_AVG":"22","Latitude":"24.632203","Longitude":"121.792928"},{"SiteName":"\u4e09\u91cd","County":"\u65b0\u5317\u5e02","AQI":"40","Pollutant":"","Status":"\u826f\u597d","SO2":"4.1","CO":"0.82","CO_8hr":"0.7","O3":"-","O3_8hr":"","PM10":"48","PM2.5":"10","NO2":"14","NOx":"47","NO":"33","WindSpeed":"","WindDirec":"","PublishTime":"2018-06-27 06:00","PM2.5_AVG":"11","PM10_AVG":"43","Latitude":"25.072611","Longitude":"121.493806"},{"SiteName":"\u4e2d\u58e2","County":"\u6843\u5712\u5e02","AQI":"42","Pollutant":"","Status":"\u826f\u597d","SO2":"4.9","CO":"0.65","CO_8hr":"0.6","O3":"1.1","O3_8hr":"4","PM10":"62","PM2.5":"20","NO2":"18","NOx":"41","NO":"22","WindSpeed":"0.7","WindDirec":"164","PublishTime":"2018-06-27 06:00","PM2.5_AVG":"13","PM10_AVG":"45","Latitude":"24.953278","Longitude":"121.221667"},{"SiteName":"\u7af9\u5c71","County":"\u5357\u6295\u7e23","AQI":"28","Pollutant":"","Status":"\u826f\u597d","SO2":"1.5","CO":"0.19","CO_8hr":"0.2","O3":"4.6","O3_8hr":"6","PM10":"30","PM2.5":"2","NO2":"6.1","NOx":"8.4","NO":"2.2","WindSpeed":"0.7","WindDirec":"206","PublishTime":"2018-06-27 06:00","PM2.5_AVG":"6","PM10_AVG":"30","Latitude":"23.756389","Longitude":"120.677306"},{"SiteName":"\u6c38\u548c","County":"\u65b0\u5317\u5e02","AQI":"34","Pollutant":"","Status":"\u826f\u597d","SO2":"2","CO":"0.24","CO_8hr":"0.2","O3":"6.1","O3_8hr":"9","PM10":"24","PM2.5":"10","NO2":"6","NOx":"14","NO":"7.9","WindSpeed":"1.6","WindDirec":"185","PublishTime":"2018-06-27 06:00","PM2.5_AVG":"10","PM10_AVG":"22","Latitude":"25.017","Longitude":"121.516306"},{"SiteName":"\u5fa9\u8208","County":"\u9ad8\u96c4\u5e02","AQI":"20","Pollutant":"","Status":"\u826f\u597d","SO2":"4.4","CO":"0.37","CO_8hr":"0.3","O3":"5.1","O3_8hr":"7","PM10":"20","PM2.5":"4","NO2":"13","NOx":"17","NO":"3.9","WindSpeed":"0.5","WindDirec":"156","PublishTime":"2018-06-27 06:00","PM2.5_AVG":"4","PM10_AVG":"22","Latitude":"22.608711","Longitude":"120.312017"},{"SiteName":"\u57d4\u91cc","County":"\u5357\u6295\u7e23","AQI":"53","Pollutant":"\u7d30\u61f8\u6d6e\u5fae\u7c92","Status":"\u666e\u901a","SO2":"2","CO":"0.21","CO_8hr":"0.2","O3":"4.2","O3_8hr":"6","PM10":"29","PM2.5":"17","NO2":"9","NOx":"12","NO":"3.1","WindSpeed":"0.8","WindDirec":"253","PublishTime":"2018-06-27 06:00","PM2.5_AVG":"17","PM10_AVG":"30","Latitude":"23.968842","Longitude":"120.967903"},{"SiteName":"\u99ac\u7956","County":"\u9023\u6c5f\u7e23","AQI":"28","Pollutant":"","Status":"\u826f\u597d","SO2":"3.5","CO":"0.1","CO_8hr":"0.1","O3":"16","O3_8hr":"16","PM10":"25","PM2.5":"8","NO2":"7.1","NOx":"7.6","NO":"0.5","WindSpeed":"3.5","WindDirec":"188","PublishTime":"2018-06-27 06:00","PM2.5_AVG":"9","PM10_AVG":"27","Latitude":"26.160469","Longitude":"119.949875"},{"SiteName":"\u91d1\u9580","County":"\u91d1\u9580\u7e23","AQI":"31","Pollutant":"","Status":"\u826f\u597d","SO2":"3.2","CO":"0.11","CO_8hr":"0.1","O3":"16","O3_8hr":"18","PM10":"14","PM2.5":"9","NO2":"9.8","NOx":"11","NO":"1","WindSpeed":"1.3","WindDirec":"229","PublishTime":"2018-06-27 06:00","PM2.5_AVG":"10","PM10_AVG":"15","Latitude":"24.432133","Longitude":"118.312256"},{"SiteName":"\u99ac\u516c","County":"\u6f8e\u6e56\u7e23","AQI":"23","Pollutant":"","Status":"\u826f\u597d","SO2":"1.2","CO":"0.12","CO_8hr":"0.1","O3":"17","O3_8hr":"19","PM10":"5","PM2.5":"7","NO2":"2.1","NOx":"3.5","NO":"1.4","WindSpeed":"0.8","WindDirec":"209","PublishTime":"2018-06-27 06:00","PM2.5_AVG":"7","PM10_AVG":"7","Latitude":"23.569031","Longitude":"119.566158"},{"SiteName":"\u95dc\u5c71","County":"\u81fa\u6771\u7e23","AQI":"29","Pollutant":"","Status":"\u826f\u597d","SO2":"1.3","CO":"-","CO_8hr":"","O3":"3.8","O3_8hr":"4","PM10":"43","PM2.5":"10","NO2":"2.5","NOx":"5.9","NO":"3.4","WindSpeed":"0.5","WindDirec":"38","PublishTime":"2018-06-27 06:00","PM2.5_AVG":"9","PM10_AVG":"28","Latitude":"23.045083","Longitude":"121.161933"},{"SiteName":"\u9ea5\u5bee","County":"\u96f2\u6797\u7e23","AQI":"55","Pollutant":"\u7d30\u61f8\u6d6e\u5fae\u7c92","Status":"\u666e\u901a","SO2":"3.1","CO":"0.28","CO_8hr":"0.2","O3":"3.2","O3_8hr":"7","PM10":"55","PM2.5":"20","NO2":"13","NOx":"20","NO":"7","WindSpeed":"0.4","WindDirec":"67","PublishTime":"2018-06-27 06:00","PM2.5_AVG":"17","PM10_AVG":"46","Latitude":"23.753506","Longitude":"120.251825"},{"SiteName":"\u5bcc\u8cb4\u89d2","County":"\u65b0\u5317\u5e02","AQI":"51","Pollutant":"\u7d30\u61f8\u6d6e\u5fae\u7c92","Status":"\u666e\u901a","SO2":"3.6","CO":"0.15","CO_8hr":"0.2","O3":"7.2","O3_8hr":"20","PM10":"13","PM2.5":"12","NO2":"14","NOx":"16","NO":"2","WindSpeed":"2.5","WindDirec":"229","PublishTime":"2018-06-27 06:00","PM2.5_AVG":"16","PM10_AVG":"14","Latitude":"25.298562","Longitude":"121.536763"},{"SiteName":"\u5d19\u80cc","County":"\u96f2\u6797\u7e23","AQI":"52","Pollutant":"\u7d30\u61f8\u6d6e\u5fae\u7c92","Status":"\u666e\u901a","SO2":"2.8","CO":"0.28","CO_8hr":"0.2","O3":"1.7","O3_8hr":"3","PM10":"48","PM2.5":"21","NO2":"13","NOx":"28","NO":"15","WindSpeed":"0.4","WindDirec":"113","PublishTime":"2018-06-27 06:00","PM2.5_AVG":"16","PM10_AVG":"40","Latitude":"23.757547","Longitude":"120.348742"}]